,newspaper,written_date,year,reference_type,reference_location_name,author_informant_gender,text,notes,date,latitude,longitude,location notes
1,The South Carolina Gazette,"March 7, 1732",1732,rebels,Nanny Town,unknown,"Boston, Feb. 7. By a Sloop which arrived here yesterday from Jamaica, we have an Account, that an Express from Port Antonio brought Advice, That a Party consisting of 60 of the King's Troops, and 40 Negroes, commanded by a Captain, Lieutenant, and other Officers, upon entering a narrow Pass of a great Negro Town in the Mountains, several of the men were killed, and the whole Body intirely defeated; many of the said Party in their Flight, flung away their small Arms, and their Powder; which has given great Strength and Encouragement to the Rebels , and much Concern to the Government.",rebel maroons; jamaica; Negro Town,1732_03_07,18.0723,-76.4254,NA
2,The South Carolina Gazette,"July 1, 1732",1732,rebels,Nanny Town,male,"A Letter from a Merchant in Jamaica to his Friend at London, giving an Account of the present State and Condition of that island.
SIR,
IN the last Session of our Assembly, the declining Condition of this Island was taken into Consideration, with Regard to the low Value of its Produce, which daily declining, greatly discourages the present Settlers, and those that have Estates, and hath for some Years past intirely put a Stop to the further Improvement or Settlement of this large, fertile, & valuable Island; so that for seven Years last past, instead of increasing in the Number of our Inhabitants, we have decreased at least one Third, which renders the great Charges we are at for the necessary Support of the Government the more difficult, and almost insupportable to the few remaining Inhabitants. To speak the Truth of our Condition, if some speedy Remedy is not found out, and some new Encouragement given, I expect to see in a few Years this Island left only in the Hands of a few Proprietors of Sugar-Works, who do not amount to above 300, and those we compute one with another employ each 5 white Men, which is but 1500; all our other Inhabitants, and those that have other small Settlements, are going off daily. The Proprietors of Sugar-Works, (many of whom are in Great Britain ) must stand by and keep their Interest in it till the last, as their Estates consist of great Buildings, Plantations, Utensils, large Tracts of Land well cultivated, great Quantities of Cattle, which if they remove their Slaves from, to go to other Countries, will be of no Value but a dead Loss, and so two Thirds of their Estates sunk; this Reason will oblige the Sugar Planters to stand it the longest; and God knows that is a short Space enough, considering the dismal Prospect they have of the declining Condition of their Estates, the Increase of our Rebel Negroes, and the Loss of our Trade. We find all the European Markets, except Great Britain supply'd by the French and Dutch Sugar Colonies, & even a great part of the British Empire likewise, as Ireland , which hath for several Years been supply'd with French Sugar; and the British northern Colonies, which now swarm with People (and are a daily Drain to the Sugar Colonies) supply themselves with Sugar and Molasses from the French and Dutch ; so that all the Consumption of the British Colonies (by the Restriction laid on their Trade) is reduced to Great Britain only; and consequently what Sugars are made more than is required for that Purpose, can be of little other Use than to lower the Price and Value of even that.

These unhappy Circumstances have struck such a Damp on the Inhabitants of this Island, that nothing is heard but Preparations for the Northern Colonies; and Carolina begins to encourage great Numbers to adventure there, forasmuch as by the great, Goodness of his Majesty, and the Wisdom of the Parliament, the Enumeration of Rice is taken off, and they have Liberty to send it to foreign Markets directly, which will bring such a flow of Riches to that Colony as will help, I fear, to be very much the Downfal of the British West India Sugar Colonies, except some such Encouragement be given to them: And it is to be hoped his Majesty's great Goodness will indulge him to recommend the Consideration [ ] to the Wisdom of his Parliament, and that they will have such a Regard to the Welfare of Britain, as to support its principal Members, the Sugar Colonies, which employ such vast Numbers of their Fellow-Subjects in their Mother Country, and are a great support to the Figure they now make in Trade, by the Employment of Ships and Men, this Island alone employing yearly at least 300 sail of Vessels and 5000 Mariners; and considering the advantagious Situation of it in Time of Peace for Trade to New Spain , and in case of a War, all our West India Colonies must be lost without this Island, they having no Harbour or Ports that his Majesty could keep a Squadron in, to command these Seas and protect them; and in case of bad Weather, which always happens amongst them once a Year, these Vessels that would be distressed, must put into an Enemy's Port or perish in the Sea, as we have no other British Settlements to Leeward off St. Christopher's but this Island. These Particulars, and many others too tedious to enumerate, being duly considered, I am sure there is a Necessity of doing something immediately to encourage the present Inhabitants to remain in the Country, and others to come; or I fear, in case of War, it will be so weak as to fall an easy Prey to our Potent Neighbours the French at Hispaniola, who by the great Encouragement from their Mother Country, are within a few Years grown so numerous in their Settlements and Inhabitants, as gives a dismal Prospect to us of this Island.

One Thing I am surprized never was considered among the Means thought of for preventing the Use as well as running French Brandy, which is the lessening the Excise on Rum, the Produce of our own Sugar Colonies, which, were it used instead of French Brandy, would save the Nation as much ready Cash as goes out of it for the Purchase thereof. Rum is the principal Commodity of this Island next to Sugar, and on which the Planters very much depended; it generally sells here from 18d. to 2s. per Gallon, so that 100 Punches of 110 Gallons each here, is about 1000l. this Island Currency, or 200l. Sterling Value; that Quantity, on exportation to Great Britain , is to pay a Duty and Excise to the Crown of about [ ]l. Sterling, without any Drawback on Exportation, besides 6d. per Gallon Freight, [ ] the Loss of Casks, Leakage, &c. so that the Planter at last has a mere Trifle for a Commodity, and what is worse, we have [ ] for Rum at the Northern Colonies, [ ] buy French Molasses so cheap (which without such a Vent would be a Loss to the French ) that they furnish themselves, and export large Quantities to other Countries; so that our Rum that used to contribute greatly to support the contingent Charges of Sugar-Works, by the heavy Duty, Excise, and Loss of the Northern Plantations Trade, will become of little other Value than to be given to Servants & Negroes; whereas, was half the Excise to be taken off, it would greatly increase the Revenue in Great Britain , and be a more effectual Method of preventing the Use of French Brandy than any yet practiced, and would be no Prejudice to English Spirits, not no Ways lessen the Quantity usually made. And sure I am, it highly becomes the Wisdom of the Nation to encourage the Colonies Abroad, each of whose Inhabitants, one with another, gives Bread to three (at least) of their Fellow Subjects in their Mother Country, I may say those of this Island do so treble that Number. Now, could we but obtain the Liberty of exporting our Sugars to Foreign Markets, on paying the Duty it leaves in Great Britain upon Exportation, with other Encouragements, this Island might be rendered the greatest in America , and would become much more Advantagious to Great Britain , in taking off more of its Manufactures, and employing a greater Number of Shipping and Sailors, in Proportion to the Increase of its Produce. For I assure you, that four Fifths of the valuable and improveable Land in this Island is not settled or cultivated, and lies waste as a Receptacle only for our rebellious Runaway Negroes. What I have said is sufficient to shew the infinite Value of this Island, its present miserable Circumstances, and the Necessity of some immediate Relief and Encouragement, to prevent the impending Ruin of the Inhabitants, and the utter Loss of this inestimable Jewel in the British Diadem.",increase of 'rebel negroes' - maroons/runaway slaves,1732_07_01,18.0723,-76.4254,NA
3,The South Carolina Gazette,"May 4, 1734",1734,legislation,"Charleston, South Carolina",male,"WHEREAS by an Act, entituled, An Act for the better ordering and governing of Negroes and all other Slaves in this Province, it is Enacted, That no Master, Mistress, Overseer, or other Person whatsoever, that hath the Care or Charge of any Negroe or Slave, shall give their Negroes or other Slaves leave on Sundays, Fast-days, Holy-days, or any other Time, to go out of the Plantations, without a Letter to go out of the Plantations, without a Letter or Ticket, except such Negroe , or other Slave, as wear a Livery; and every Person, who shall see any Negroe , or Slave, out of his Master's Plantation, without a Ticket, or Leave in writing from his Master or Mistress, or some other person by his or her Appointment, or some white person on the Company of such Slave, to give an Account of his Business, except as aforesaid, are impower'd to correct such Slave by whipping, not exceeding Twenty Lashes. And every Overseer of a Plantation, which shall not (when in his power) apprehend every strange Negro, or other Slave, which he shall find in his Master's or Mistress's Plantation, without Leave, as foresaid, except as before excepted, and after apprehended shall neglect to punish him, by whipping as aforesaid, shall forfeit Twenty Shillings, the one half to the Poor, to be paid to the Church-wardens of the Parish, where such Forfeiture shall become due, and the other half of him, that will inform for the same, within one Week after such Neglect. Provided always nevertheless, that every Master, Mistress, or Overseer, shall and may have Liberty to whip any strange Negro, or other Slave coming to his or her Plantation, with a Ticket, on Sundays, Fast-days, Holy-days, or any other Times, unless it shall appear to them, that the Business or Errand of the said Slave was to the Master or Mistress of such Plantation, and not to visit, idle, loyter or play with the other Negroes , any thing before mentioned to the contrary thereof notwithstanding. And that no Slave may make farther or other Use of any one Ticket, than was intended by him or her, that granted the same, every Ticket shall be dated, and particularly mention the Name of every Slave employed in the particular Business, and to what place they are sent, and what time they are to return.

And if any person shall presume to give any Negroe or Slave a Ticket in the Name of his Master or Mistress, without his or her Consent, such person so doing shall forfeit the Sum of Forty Shillings, one half to the said Poor, to be disposed of as foresaid, the other half to the person offending, within one Week after the Offence committed. And if he have not sufficient to pay the said Forty Shillings, any Two Justices of the Peace shall have power to inflict any corporal punishment on the Offender, for the willing counterfeiting such Ticket, by ordering such Offender to receive twenty Lashes on the bare back.

And for the better Security of all such persons that shall endeavour to take any Run-away, or shall examine any Slave for his Ticket, passing to and from his Master's or Mistress's Plantation, it is hereby declared lawful for any white Person, to beat [ ] or assault, and if such Negroe or Slave cannot refuse to shew his Ticket, or by running away, or Resistance, shall avoid being apprehended or taken.

It is likewise further Enacted, that [ ] Owner or Head of any Family shall give a Ticket to go to Charles-Town, or from Plantation to Plantation on Sundays, excepting it it be for and about such particular Business, as cannot reasonably be delayed to another Time, under the Forfeiture of Twenty Shillings; and in every Ticket, in that Case given, shall be mentioned the particular business that such Salve is sent about, otherwise such Slave shall be dealt with, as if he had no Ticket.

It is likewise further Enacted, That in case any Negro, or other Slave, shall harbour, conceal, entertain, and give Victuals to any Run-away Slave, knowing him or her to be such, That upon Complaint made thereof to any Justice of the Peace, such Negro or Slave by order of the Justice shall be severely whipped, not exceeding Forty Lashes.

And whereas several Owners of Slaves used to suffer their said Slaves to go wither they will, and work where they please, upon Condition, that the said Slaves do bring their aforesaid Masters so much Money, as between the said Master and Slave is agreed upon for every day, the said Slave shall be so permitted to employ himself; which practice hath been observed to occasion such Slaves to spend their time in looking for opportunities to steal, in order to raise Money to pay their Masters, as well as to maintain, themselves and other Slaves their Companions in Drunkness and other evil Courses. For the prevention whereof it is Enacted, That no Owner, Master or Mistress of any Family shall suffer, or permit any Slave to go wither, and work where they please, under the penalty of the Forfeiture of Five Shillings Proclamation Money, for every Day he, she, or they shall willingly suffer any Slave to do as foresaid, And every person employing any Slave without a Ticket from the Owner of such Slave, shall forfeit Five Shillings Proclamation Money per Diem to the Informer, for all the Time he shall so employ such Slave . over and besides what he paid, or agreed to pay such Slave for his Work. Provided nevertheless, that the said penalty of Five Shillings per Diem shall not extend to any person, where the property of such Slave is disputable. P rovided also nevertheless, that nothing in this Act shall be construed, or intended to hinder any person from letting their Negroes or Slaves to ire by the Year, or for any lesser time, or by the Day, so as such Negro or Slave is under the Care or Direction of his Master, or some other person by his order entrusted with the Slave, and that the Master is to receive the whole of what the Slave shall earn, and that the person employing such Slave, have a Certificate, Note or Memorandum thereof in writing, from the Owner, Attorney, or Overseer of such Slave.

It is likewise further Enacted, that every Justice of the Peace, in the County where he lives, who shall know or be informed of any Slaves keeping any Horse or Horses, or any neat Cattle, shall cause the same to be taken away and sold, and the Monies thereby arising to be given to the Church-wardens for the Use of the poor of the Parish. And if any Master or Mistress of any Slave, or any white person shall take upon him to vouch any Horse or Neat Beast so taken away to belong to him or them, the proof shall lie upon such Master, Mistress, or other white person; and they shall make oath before the Magistrate who caused the said Horse or Cattle to be taken away, that such Horse or Neat Beast did bona fide, at the time of it's being taken away by the Magistrate, belong to him the Claimer, and not to any Negroe or other Slave whatsoever. And the Master, Mistress, or any other person, laying claim to any Horse or Neat Beast so seized, shall be served with an Order of such Justice, to shew cause why such Horse, or Neat Beast should not be sold at a Day, time and place affixed by the said Justice; and not appearing, or appearing and not giving sufficient cause to the said Justice, the said Justice of the Peace, shall proceed to make Sale, or order the same to be sold; and such Sale shall be binding against all persons whatsoever. And it shall be lawful for any person to seize Hoggs, kept by Slaves, and all Boats and Canoes belonging to any Slaves, and shall give Notice to the next Justice, who shall proceed to sell the same in manner aforesaid. And it is also further enacted, that every Person who shall send any Slaves in Periaguas, Canoes or Boats shall give them a Ticket for that purpose.

N.B. The foregoing Extract of the Negro-Law is here published, that no one may for the future plead Ignorance. The several Constable sin and about Charles-Town will have Warrants given to them, empowering them to take up all Negroes , which shall be found without proper Tickets: And all Masters, Mistresses, or others, offending in any of the foregoing Particulars, will be prosecuted as the Law directs.",slave law,1734_05_04,32.78096,-79.93554,NA
4,The South Carolina Gazette,"May 4, 1734",1734,rebels,Jamaica,unknown,"Letters from Jamaica of the 28th of March bring an Account, That the Assembled of that Island had voted 2s. per Head on all the Negroes on each Plantation, 6d. per Head on Catttle, 1s. per Pound on House Rents, and 500l. on the Merchants of Kingston, in order to the more effectual reducing their Rebel Negroes, which increase daily

The Governor called a Grand Council of War, in order to make Martial Law, 17 Field Officers appeared but a great Majority was against it.

The Number of Negroes on this Island are computed to be about Eighty Thousand, and the Whites not Nine Thousand, which strikes them all with a general Consternation and are afraid they are not of themselves able to subdue them without immediate Help from England.",rebel negroes/maroons,1734_05_04,18.1096,-77.2975,NA
5,The South Carolina Gazette,"May 11, 1734",1734,occurred insurrections,"Saint John, U.S. Virgin Islands",unknown,"Extract of a Letter from Antigua, dated Jan. 11, 1733-4.
There is a Blast upon the canes, which never was known in this Island before, which destroys them wholly wherever it come and many hundreds of Acres are wholly lost. It's very sickly in this Island; they die with a fever in two Days time, and many of an unusual  Throat in three Hours. But it seems, at Home they are resolved to defend the West-Indies, for 4 hours since a Letter from London informs, that nine Men of War a Regiment of Soldiers, and 150 Cannon are preparing for the West-Indies. Sixteen Days before my Arrival at Antigua, the Negroes on the Island of St. John's arose, and cut off the Whites, kill'd as Men, and a Remnant fled into the Wilderness. The station'd Ship of 60 sailed from Antigua-five Days after this fact, for these Relief, but to Day we had of the Negroes at Kit's, that the Week before last they attempted the same in that Island, by setting Six Houses on Fire, but were prevented of that Design, by a Negro that had a Regard for his Master, disclosing the Plot.",resistance on the island of St. Johns and St. Kitts,1734_05_11,18.3368,-64.7281,NA
6,The South Carolina Gazette,"May 18, 1734",1734,rebels,Jamaica,male,"Boston, March 15. A
Gentleman in Jamaica
writes to his Friend by a
Vessel just arrived, thus,
'Our rebellious Negroes
are so numerous that
they attack us every
where, and are not
afraid of our greatest
Force.
About ten Days ago they
attacked near 100 Men, most
Soldiers, carried away their
Arms, Provisions, and what
plunder they pleased; most of
our people fled; we can get no
body to stand before them.
Char-",rebels in Jamaica,1734_05_18,17.98333,-76.8,NA
7,The South Carolina Gazette,"September 7, 1734",1734,rebels,"Kingston, Jamaica",male,"Extract of a Letter from a
Gentleman in Jamaica,
to his Friend in London.
Kingston in Jamaica,
Feb. 25. 1734. We are at
present more
apprehensive of a Civil
than a Foreign War, the
rebellious Negroes that
are settled in the
Mountains having been
very troublesome of late,
and are now become
more numerous by the
Neglect or bad conduct
of Parties that have been
sent out against them, as
well as those that are
daily running away from
several of the Adjacent
Settlements to join
them; they have lately
lately made incursions
into some of the
Neighbouring
Plantations, and done
considerable Damage;
and it is feared, if some
effectual Means are not
taken to reduce them
they may in a Little
Time render themselves
stronger than the Force
that can be sent against
them.
The People that have the
Management of Affairs, seem
to be at a Loss how to proceed
upon this Emergency, and it's
now generally believed the
Governor will declare Martial
Law, in order to oblige every
body to go against them,
which, if it happens, will not
only put a Stop to all manner of
Business, but may also be of
very bad Consequences to the
Island in general.
Letters from Jamaica of
the 28th of March bring
an Account, That the
Assembled of that Island
had voted 2s.
per Head on all the Negroes on
each Plantation, 6d. per Head
on Catttle, 1s. per Pound on
House Rents, and 500l. on the
Merchants of Kingston, in
order to the more effectual
reducing their Rebel Negroes,
which increase daily
The Governor called a Grand
Council of War, in order to
make Martial Law, 17 Field
Officers appeared but a great
Majority was against it.
The Number of Negroes on this
Island are computed to be
about Eighty Thousand, and the
Whites not Nine Thousand,
which strikes them all with a
general Consternation and are
afraid they are not of
themselves able to subdue them
without immediate Help from
England.",two back to back articles published with news from Jamaica regarding enslaved/maroon rebels,1734_09_07,17.98333,-76.8,NA
8,The South Carolina Gazette,"December 21, 1734",1734,occurred insurrections,"St. John's, Antigua and Barbuda",male,"By Capt. Pico, who arrived here on Friday last in Twenty one Days from St. Thomas's, we are advis'd, That when he was there (about the latter end of July last) there came in a French Sloop belonging to Martineco, one Myet Master, with Thirty five Men and eight Guns, who had been upon a Trading Voyage on the Coast of Porto Rico, of which the Spaniards having Information, they fitted out a Sloop with about Sixty Men and ten Guns, with strict Orders, if the Frenchmen offered to fire a Gun, to give him on quarters; as soon as the Spaniard came up with the Frenchmen, he fired upon him, which complement was soon answered, which presently drew on broad-side and broad-side, but the Spaniard fired so high that he never touch'd the Frenchmen, whereas he, on the contrary, hull'd the Spaniards several Times, and kill'd and wounded him Eight or Ten Men, upon which finding himself overmatch'd (and being very near the Shoar, and in a Calm) he put some Powder and Shot into a Canoe, with a design to go on Shoar to a small Fort where was mounted Four Guns (whither also was a great Number of Spaniards drawn together to behold the Engagement) and from thence to fire upon him, which the Frenchmen observing he let sly upon the Canoe and put them all a Swiming; after that the Frenchmen boarded the Spanish Sloop and plundered her, and setting her on Fire, disappointed the poor Spaniards of their expected plunder. The French Sloop came into the Harbour of Thomas' s with the Spanish Colours flying under his own, and gave an Account of the Affair as is above related.

Capt. Pico also informs, That after several fruitless attempts to suppress the rebel Negroes at St, John's near that place, (of whose insurrection & murthering the Inhabitants, we formerly mentioned) the Company's Merchant went up to Martineco, to procure some Frenchmen and Indians, who were acquainted with the method of Hunting in the Woods for that purpose, who accordingly came down with two Sloops, each having about one Hundred Men on board, well equip'd for Business upon whose landing; the Negroes engages them, but after they had lost five or six of their Men they fled, and afterwards as the Frenchmen were marching in pursuit of them, they found several of them, to the Number of Forty or Fifty, lying dead, whom they supposed to have kill'd themselves to prevent being taken and tortured as they might expect; but notwithstanding the industrious Searches of the French, about Fifteen of them kept themselves concealed; who, upon the Sloops going away, returned to their Masters Plantations, and to their usual Labour, upon which their Masters agreed to seize them at a certain Hour (left there should be a discovery, and so some of them escape,) which accordingly they did, and sent them to the Fort at St. Thomas's, where they soon had their Tryal, and were condemned to die in several Forms of Torture, (according to the Custom of those Governments,) which was to put in Execution the very Day he left the Island; but two of them to prevent it had put an End to their Lives the night before the intended Execution. It is observable, that one of the Rebels was so hardy, that he would not go in with the rest, but was resolved to kill some body before he was taken, upon which a Company went out and shot him, so an End was put to the melancholy Scene, thad had occasioned so much Trouble and Expence to the poor Planters there.

The Captain also informs us, That it is very sickly at St. Thomas's.",insurrection on island of St. Johns,1734_12_21,17.11667,-61.85,NA
9,The South Carolina Gazette,"January 18, 1735",1735,rebels,Jamaica,unknown,"The Faulkland Man of War,
with the Transports and Troops
designed to quell the
Rebellious Negroes in Jamaica,
sailed from Gibraltar the 9th of
October.",news of a ship sent to help suppress rebels in Jamaica,1735_01_18,17.98333,-76.8,NA
10,The South Carolina Gazette,"January 18, 1735",1735,rebels,Jamaica,male,"Extract of a Letter from a
Gentlemen of Character
in Jamaica, Dated
November 5, 1734.
"" ---- That they expected their
Governor every Day, with Six
Hundred Soldiers, and that
Marcial Law was Proclaimed
the last Week, on account of the
Rebellious Negroes, one Col.
Brookes to Leeward, and Major
Sweaton and Major Numbee at
the Northward were to
Command Six Hundred Men
drawn out of the several
Regiments thro' the Island to go
in quest of the Negroes, they
having defeated two Bodies of
Men before, which had
encouraged them to attack a
Fort at the North Side, but were
beat off by the Courage of a
WOMAN.""
Last Week a Negro Woman in
this Town was delivered of Two
Female Children at a Birth, the
one White the other Black.",NA,1735_01_18,17.98333,-76.8,NA
11,The South Carolina Gazette,"July 12, 1735",1735,rebels,Jamaica,unknown,"From Jamaica we have Advice,
that about 6 weeks ago neither
the Governor nor commodore
Dent were then arrived there:
but that a very fine Coach of
the Governor's, some Servants
and a sett of very fine Horses
were arrived. That the Forces
of that Island were still
pursuing the rebellious Negroes
from Place to Place, that they
had taken a few of them and
kill'd some, and taken some
Arms; and it was hoped they
would at last suppress them, the
Negroes wanting both
Ammunition and Provisions",mentions that rebels were still being pursued in Jamaica and that the rebels had wanted ammunition and provisions,1735_07_12,17.98333,-76.8,NA
12,The South Carolina Gazette,"September 20, 1735",1735,rebels,"Saint Ann Parish, Jamaica",male,"By Capt. Bardine, who arrived here on the 28th Instant, from the North side of Jamaica , we are informed, that a body of Men Whites and Blacks belonging to the Parishes of St. Ann's and St. James's, in two Days March from the Queen of Spains Valley (so called) came up with a Party of the rebellious Negroes in the Cock-Pitts, killed 14, wounded 4 and took 4 Prisoners. The English Negroes behaved bravely in order to suppress the Rebels .

New-York, Aug. 18. On the 12th Instant arrived here a Brigt. in 21 Days from Jamaica, the Master whereof says, the Day before he sailed, it was reported, the Parties, which were out after the rebellious Negroes , had killed and taken about 25 of them, and had taken about 40 Fire Arms. That the Government were about making Roads clear through the Island, for the better suppressing these Negroes , and are for continuing Marshal Law. That the Governor was not then arrived, but daily expected. That Commodore Dent was arrived there from England, and some other Men of War; That 1700 or 1800 Men were still out after the rebellious Negroes .",two reports of conflict with rebels in Jamaica,1735_09_20,18.3281,-77.2405,NA
13,The South Carolina Gazette,"September 20, 1735",1735,shipboard resistance,"Cape Fear, Harnett County, North Carolina",male,"Boston, June 30. We have Advice from Cape Fear, that Capt. Marret, who sail'd from this Town some time since in a Brigt. for that Place, was attacked on his Voyage by a Number of Negroes in a small Sloop which they had run away with from the said Cape, but were overcome by the People onboard the Brigt. and carried in, where some of them were hanged for Examples to others who should attempt the like for the future. 'Tis said they were for the Spanish Coast to enrich themselves, but happened to be nab'd before they had taken a Penny worth of Spoil.",Cape Fear shipboard resistance; enslaved rebels having runaway from the cape,1735_09_20,34.724508,-78.484574,NA
14,The South Carolina Gazette,"December 4, 1736",1736,intended insurrection,"St. John's, Antigua and Barbuda",male,"SIR,
YOU can't expect a long Letter from one who hath had but two Nights sleep since the 17th Instant, occasioned by the providencial Discovery of a Plott among the Negroes here, for a general Massacre. As Coll. Lucas sails in this Ship for your Place, he will give a better Account of same than I can by the writing.

It was carried on by the very top Negroes of this Island, and such as were indulg'd in such Liberty that they kept one or two Horses a Piece, and were so entirely trusted by their Masters, that it was with very great difficulty, any Crime was believ'd against them, and if it had not been for the Industry of Mr. Arbuthnott the Discovery would have been quash'd, but now the Proofs are plain, and Executions pretty frequent, 3 of them have been broke on the Wheel, and several burnt: On a Ball Night one of the principal Conspirators who would have undertaken the building of the Seats at any Rate, he being a Carpenter, was to have convey'd some Gun powder under them, and blown up the Company, in this Confusion the Town of St. John's was to be attack'd in 4 different Places, by the 4 principal Conspirators, each heading a Body of 300 Negroes with Bills and Cutlasses, for they said Fire Arms would give too great an Alarm, and difficult to get, but then they should soon have their Masters. What Success so well laid a Scheme, would have had is to plain, had not divine Providence interpos'd.",Antigua conspiracy; Colonel Lucas (slaveholder),1736_12_04,17.11667,-61.85,NA
15,The South Carolina Gazette,"January 22, 1737",1737,rebels,"Spanish Town, Jamaica",unknown,"Extract of a Letter from
Spanish Town in
Jamaica.
'Our once most flourishing
Island is now exceedingly upon
the Decline; and nothing so
much as Luxury, Poverty, Taxes
and Faction abound among us:
Neither are our intestine Wars
with the rebellious Negroes in
the least abated; and nothing is
become more common, than to
hear of Plantations burnt and
utterly destroy'd by them,
insomuch that some of our
distant Parishes will be oblig'd
in a little Time to abandon their
Habitations.","mentions ""intestine wars"" with maroons/enslaved rebels; Vincent Brown refers to this in his work",1737_01_22,17.98333,-76.95,NA
16,The South Carolina Gazette,"February 5, 1737",1737,intended insurrection,"St. John's, Antigua and Barbuda",NA,"CHARLESTOWN.
THERE is a Copy in
Town of the Report of
the Gentlemen
appointed by the
Governor and Council
in Antigua to examine
into the Affair of the late
Conspiracy of the Slaves
there, dated December
30, 1736 Whereby it
appears that after the
Execution of 12 of the
chief Conspirators,
frequent Saturday
Night's Meetings of
great numbers of
Conspirators had been
for a great while held at
several Places and that
by drinking a Health in
Rum or some other
Liquor mixt with Grave
Dirt and some time
Cocks-blood infused an
Oath of Secrecy and
Fidelity had been taken
by many hundred
Slaves, whereof the
Words were various, but
the Tenor was to stand
by and be true to each
other, and to kill the
Whites, Man, Woman
and Child, to assist in
the Execution of this,
when called upon by the
Chiefs, and to suffer
Death rather than
discover That 37 more
were since convicted,
condemned and
executed, 42 proposed to
be banished, and two
were fled from Justice,
and rewards publickly
put upon their Heads, to
take them alive or kill
them in pursuit.
The 13th Paragraph of the said
Report is in the Words
following
As it seems to us agreeable to
the Intent of the last Order of
your Excellency and Council,
that we should report what our
Opinion is as to the Safety of
the Island; we think it will not
be impertinent to touch as
introductory to it, upon what
we think encouraged our Slaves
to attempt our Ruin and
Destruction, and tho' we cannot
be very certain by what
particular Inducement the
Slaves might be brought to set
on foot this inhuman Plot; yet
we may say with some
Certainty that next to hopes of
Freedom, the greatest was the
inequality of Numbers of white
and black Neither can we lay
down Rules to remedy this
Evil, but think it would be
greatly helped, if Gentlemen
resided on their own Estate
here, and that Men of the best
Figures and Fortune would not
so generally put Slights upon
the Commissions of the Peace
and Militia: and that Slaves
were disabled form being
Handicraft Tradesmen,
Overseers, Drivers or Distillers,
Shop-keepers or Hawkers and
Pedlars or Sailors, nor suffered
to keep Horses, nor to work our
for themselves, and that more
of our menial Servants, and our
wet and dry Nurses were to be
Whites and no Fidlers for gain
but Whites to be suffered, and
that generally more
Encouragement should be
given to Whites by our Laws
and Practice, and less to Slaves,
and our present wholesome
Laws, for governing of our
Slaves vigourously executed
______How far we may be in
danger still from this last
Conspiracy, we cannot
determine, since undoubtedly
there are Hundreds by us
undiscovered, who have bound
themselves by impious Oaths to
destroy us, Man, Woman and
Child: from hence it may be
concluded, what must be the
Spirit and Inclinations of the
Slaves, and how weak and vain
it would be in us to say the
Country is in Safety, or to
advice your Excellency to put a
Stop to any further Inquiry.
The Conclusion is as follows.
We cannot look upon this our
Report as complete, or offer as
much, till we have done Justice
to our Brother Robert
Arbuthnot Esq; whose Modesty
will not, we find, suffer him to
subscribe to Truths, which
happen to be so advantageous
to his Character and so
meritorious as they must be
thought in the Eyes of this
Country. At a Time when we
were in a profound Lethargy as
to any Apprehensions of
Danger from our Slaves, this
Gentleman took the Alarm at
Circumstances which pass'd
unobserved by us all, tho' 'tis
now plain they are too weighty
to be neglected. The Disparity
of the Numbers between the
white Inhabitants of this Island
and the Slaves he observed
long since, and mentioned it as
too great to be balanced or
rendered unhurtful by any thing
but the Strictest Discipline over
them, or which he saw so little;
on the Contrary so much
Licenciousness amongst them
as to receive great Uneasiness
from it: And indeed as a
Magistrate for the Town of St.
John, had always discouraged
and severely punished
Delinquents whenever
complained of. His well
grounded Apprehensions mov'd
him to give strict Orders to
Constables and other Peace
Officers to look narrowly into
the Behaviour of the Negroes,
and upon the Encouragement
and Invitation which he gave
for Intelligence he was soon
furnished with sufficient
Grounds to found upon it those
Information, which being laid
before your Excellency
enduced such Measures, as
hitherto secured our Lives and
Properties We submit therefore
whether, under God, the
Preservation of all that is dear
to us be not in a great Measure
owing to the Perspicacity and
Discretion of this Gentleman.
was subscribed,
John Vernon.
Ashton Warrer.
Nath: Gilbert.","Antigua Conspiracy, ""inhuman plot"" - this report made the front page of the paper",1737_02_05,17.11667,-61.85,NA
17,The South Carolina Gazette,"April 23, 1737",1737,intended insurrection,"St. John's, Antigua and Barbuda",male,"We gave our Readers an
Account of a Negro Plot
in Antigua, which was
happily discover'd
before it was put in
Execution, and that
Court, and eleven others
of the Conspirators, had
suffered Death on that
Occasion.
We have since the following
particulars from a Gentleman in
that Island, by a Letter dated
Dec. 13. Viz.
That after the above
Executions, the General and
Inhabitants thinking all Safe,
dismissed the Troops; but as
Providence would have it, that
Night, a Negro who had been
Evidence against the former,
seeing his Master (Maj.
Nuegent) come home, went to
him and told him, Bockorau go
to sleep too soon; when being
ask'd the Reason, showed this
significant Action, He plucked
a single Haircut of his Head,
and said, you do no more than
so; but could not accuse
Particulars. This occasioned the
taking up two or three
suspected, who said, there was
a much deeper Plot, but they
were not thoroughly in the
secret, and if they would come
to the Bottom, they must be yet
more severe: Which piece of
Negro Advice was taken, and
four Persons proved to be in the
first Plot, hung up in Chains
alive, some of which Died in
about 50 Hours, only one
(which was Coll. Morgan's
Ned) survived 8 Days and
Nights: This terrible the others
in Custody, who were kept
apart, so that they made the
following Confession, viz. That
Court (who was a Cormantce)
had begun the Design, and had
had Entertainments in several
Places, on the Island, to draw in
the Negroes that were the Top-
Tradesmen and Born in the
Island (commonly called
Creoles) to his Plot, which they
fell into; but with a different
View to what he apprehended:
For they swore to serve him in
Massacreeing all the white
People, and making him King;
But then among themselves,
carried on a secret Plot, which
was, that as soon as they had
accomplished that, to Murder
him and all the rest of the
Cormantees, and set up a King
of their own; so that Court, his
Generals and Prime Minister
being Executed, affected them
no more than the Loss of so
many Hands; they still went on
with their Design, intending to
execute it on the Christmas
Holidays, when by Law they
are to have three Days allowed
them.
As most of these were the
favorite Negroes, brought up in
the Families, which laid this
Scheme, so they could carry it
on with greater secrecy, many
of the Heads being capable of
Writing and Reading, and had
been taught the Christian
Religion conformable to the
frequent Admonition of our
worthy Diocesan the Bishop of
London, and therefore in
Swearing the Multitude into
their Scheme, they swore them
and administered the Sacrament
to all such as professed
themselves Christians
according to the Rites of the
Bishop's Church, the others
they swore according to their
several Country Forms; which
gives us a Specimen of what
may be expected from
Converting Negroes. Mr.
Martin's Tony and Coll.
Morgan's Ned (who was fine
Mason) took upon them this
Office: Tony was broke on the
Wheel, Ned Gibbetted alive as
above.
In all 36 have suffered. Our
Goal and Guard-House are still
full, and about 20 on board a
Ship Our Magistrates hardly
know what to do further. Such
Executions are shocking! We
are upon Duty every fourth
Day, that is, all white Men,
without distinction, above 16;
and have about 480 Men on
Duty, in the whole Island, per
Day",Antigua conspiracy; mentions coromanttee and details,1737_04_23,17.11667,-61.85,NA
18,The South Carolina Gazette,"July 30, 1737",1737,intended insurrection,"St. John's, Antigua and Barbuda",unknown,"Mr. Timothy,
MY long and tedious Indisposition has prevented furnishing you in Time with particular Remarks on a Letter from Antigua, dated December 13, which you have inserted in your Gazette No. 169. which gives a deplorable Account of the miserable Circumstances that Island labours under from their African & Creolian Tribe. I heartily symphatize with them, and wish it in my Power to extricate them for their Distress. Yet I am satisfied a Method may be found to their Advantage, superiour to what is practized with Them, or among Us, that will effectually answer Their and Our End, (if a superiour Power don't interpose,) and prevent what Patrolls and other Guards (tho' necessary in their Place) cannot.

I'm sorry to find the Author of that Letter so angry with, and incens'd against the Christian ad holesome Admonitions of their ghostly Father the Bishop of London; who only admonished and advised them to instruct those poor miserable Creatures whose Unhappiness it is to be under the heavy Yoke of Task-Masters, in the Knowledge of the Christian Religion, that thereby they may be qualified to discharge their Duty aright, both towards God and Man. This I think every one that is conversant with the Scripture, and acquainted with the Principles of Our most holy Religion, will concur with me, in saying, that it is no more than the Reasonable Service of all those that are possess'd of them. I'm sure they are intelligible beings, and have Souls to save or lose as well as we: Therefore demand that some Care may be taken of their Souls, whilst they are in Bondage, that so, when they come to be set at Liberty by the grim Serjeant of the Grave, they may have a Place of Rest assign'd them, where Barbarity and Cruelty will have no Admittance.

Strange! very strange it is, that to instruct those poor Creatures in the Knowledge of Life and Salvation in and through a Mediator, should involve and plunge us into those manifold Dangers, that threaten our Destruction. Can we suppose that God ever design'd Religion for such an End? God forbid! Yet our Author, (if I take him right) would fain persuade us to believe, that to instruct them in the Knowledge of the Christian Religion, is the only way to destroy ourselves.

Our Author, after he hath been giving us an Account of the Circumstances of their Island, and their Conformity to the Bishop's Admonition, concludes: "" which gives ""us a Specimen of what may be expected ""from converting Negroes. "" As if he had said, 'Tis true, we have often been admonished by our worthy Diocesan, of our Duty, and in Obedience to him, have instructed our Slaves in the Knowledge of the Christian Religion; but what is the consequence of this? Why, Insurrection , Murder and Blood, and what not besides! This is what may be expected from converting Negroes ! 'Tis surprizing, that a Christian, or nay on that bears the Name, should load it with such Infamy.

Tell it not in Gath, publish it not in the Streets of Askelon!

I could say more on this Subject, especially in Relation to the Right we have of making them what they are, but Prudence and our Safety forbids. &c.",Antigua conspiracy; prudence and our safety forbids,1737_07_30,17.11667,-61.85,NA
19,The South Carolina Gazette,"August 18, 1739",1739,legislation,"Charleston, South Carolina",male,"As a General Assembly begun and holden at Charlestown on Tuesday the tenth of November in the Year of our Lord one Thousand seven hundred and Thirty-six, and in the tenth Year of the Reign of our Sovereign Lord GEORGE the Second, by the Grace of God of Great Britain, France and Ireland , King, Defender of the Faith, &c and from thence continued by divers Prorogations and Adjournments to the eleventh Day of April One Thousand Seven Hundred and Thirty-nine.

An Act for the better Security of the Inhabitants of this Province against the Insurrections and other wicked Attempts of Negroes and other Slaves.

WHEREAS it is necessary to make some further Provision for securing the Inhabitants of this Province against the Insurrections and other wicked Attempts of Negroes and other Slaves within the same; we therefore humbly pray his most sacred Majesty, that it may be enacted, and be it enacted by the Honourable William Bull Esq; Lieutenant Governour and Commander in Chief in and over his Majesty's Province of South-Carolina , by and with the Advice and Consent of his Majesty's Honourable Council, and the Commons House of Assembly of this Province, and by the Authority of the same, that from and after the twenty ninth Day of September , which will be in the Year of our Lord, One Thousand, Seven Hundred and Thirty-nine, every white Male Inhabitant of this Province (except the Inhabitants of the Parish of St. Phillip's Charles-Town ) who by the Laws of this Province, are or shall be liable to bear Arms in the Militia of this Province, either in times of Alarms or at common Masters, who is possessed of Ten Slaves in this Province, and who shall on any Sunday or Christmas Day in the Year, go and resort to any Church, or any other Publick Place of Divine Worship within this Province, and shall not carry with him a Gun or a pair of Pistols in good Order and fit for Service, with at least six Charges of Gun Powder and Ball, and shall not carry the same into the Pew or other seat where such Person shall sit, remain or be in such Church or other Place of Worship as aforesaid, every such Person shall forfeit and pay the Sum of twenty shillings current Money for every Neglect of the same; the one half thereof to the Church Wardens of the respective Parish in which the Offence shall be committed for the use of the Poor of the said Parish; and the other half to him or them that will inform for the same, to be recovered on Oath before any of his Majesty's Justices of the Peace within this Province, in the same way and manner that Debts under twenty Pounds are directed to be recovered by the Act for the Trial of small and mean Causes. And to the Intent that this Act, may the more duely be carried into Execution, by which the Inhabitants of this Province may be the better secured and provided against the Insurrections or other wicked Attempts of Negroes and other Slaves ; Be it further Enacted by the Authority aforesaid, that the Church Warden and Church Wardens of each respective Parish and the Deacons and Elders resorting to other Places of Publick Worship in this Province, who shall be at any such Church or other Place of Publick Worship as aforesaid, where any Person liable to bear Arms as aforesaid, shall come and resort without his Arms or Ammunition as aforesaid, and such Church Warden or Church Wardens, Deacons and Elders shall not inform against such Person so offending against this Act, in order to recover the Penalty as aforesaid, every such Church Warden and Church Wardens, Deacon and Elder who shall happen to be at such Church or other Place of Publick Worship as aforesaid when such offence against this Act, shall be committed as aforesaid; and who shall not inform as aforesaid within fifteen Days next after such offence committed, shall forfeit and pay for every such Neglect to any Person who will inform for the same, within ten Days next after the Expiration of the said fifteen Days, the Sum of twenty Shillings current Money of the Province aforesaid for every Person so offending as aforesaid, to be recovered as aforesaid.

And be it further Enacted by the Authority aforesaid, that in case any Person or Persons as aforesaid liable to bear Arms as aforesaid being at such Church or other Place of Publick Worship as aforesaid who shall refuse or Neglect on demand of the said Church Warden or Church Wardens, Deacons or Elders respectively (or in case none such shall be present then on demand of any Commission'd Officer in the Militia of this Province) to produce and show his Arms and Ammunition required to be brought with such Person and Persons as aforesaid, to the intent it may be known whether the same are fit for immediate use and Service every such Person so refusing or neglecting to produce and show the same, shall for every such offence forfeit and pay the sum of twenty Shillings current Money to be recovered paid and apply'd in the same way & manner & to the same Uses as the first forfeiture in this Act mentioned is directed to be recovered, paid & applied. And be it further Enacted by the Authority aforesaid that this Act shall be & continue in Force for the Term of three Years, from the time of passing thereof and from thence to the end of the next Session of the General Assembly and no longer",sc legislation to suppress enslaved resistance; insurrection or wicked attempts,1739_08_18,32.78096,-79.93554,NA
20,The South Carolina Gazette,"January 26, 1740",1740,occurred insurrections,"Charleston, South Carolina",male,"Frederica in Georgia, Dec. 20, 1739.
The Spaniards having invaded this Province, and killed some of the Inhabitants, and also having fomented an Insurrection of the Negroes in Carolina who murdered several Families there. General Oglethorpe with a Party compos'd of Indians, Georgians and regular Troops, on the 8th Instant passed the River St. John's , which divides Florida from Georgia , the Spaniards abandoning the several Posts they held on that River and the Sea Coasts near it, he made an In-road into the Spanish Florida, marched half Way to Augustine, the Spanish Horse with a Body of Negroes and Indians advanced within 3 Miles, as if they intended to attack our Men, but the General ordering the Chickesaw Indians to charge them, and advancing himself with the whole Body, the Spanish Horse retir'd to Augustine , and the Indians and Negroes took Shelter in a Fort not far from it. The Indians pursued them 7 Miles that Night, the General stay'd three Days on the Spanish Main, and the Indians annoyed the Spaniards, making In-roads up to their Forts, killing or taking all they could find in the open Country. The General and Party returned here the 18th without the Loss of one Man.","first reference to Stono Rebellion printed in SCG; A letter from Federica in Georgia, references the Stono Rebellion or the Spaniards fomented ""insurrection of the Negroes in Carolina""; also mentions spaniards working with natives and free* ""Negroes""; Spanish Florida/Georgia",1740_01_26,32.78096,-79.93554,NA
21,The South Carolina Gazette,"January 8, 1741",1741,editorial,"Charleston, South Carolina",male,"A Letter from Mr. HUGH BRYAN to a
Friend.

November 20, 1740.

Dear SIR,

I Was last Night shock'd with the melancholy News of the South East Part of Charles Town being burnt down on Tuesday How deplorable is the Condition of many there, that are in a few Hours reduc'd to want of Bread! Surely God's just Judgments are upon us __ Is there Evil befallen to a City, and the Lord hath not done it? faith the Prophet. We have been harden'd under the Sun-shine, the bounteous Dispensations of his Providence; and tho' for some Year's past, he hath at divers Times been scourging of us, by Drought; by repeated Diseases on Man and Beast; by Insurrections of our Slaves , and lately by Bassling shamefully our Enterprize against our Enemy, so as to make us a By-Word and an Hissing among the Heathen that are round about us; yet we have not laid it to Heart to turn to HIM As are the People, so are the Priests: Every one seeking after Gain; nourishing their Hearts as in a Day of Slaughter; and few, very few, say within themselves, wherefore hath the Lord done these Things? Or turn to seek unto the Hand that hath smitten us. O! that this fiery Dispensation may now lead us to Repentance, and truly humble us before GOD, that the Fury of his Anger may turn away from us, and that we be not utterly consumed! How ought we every one to mourn and lament over our Iniquities, and the Iniquities of our Province and Nation; and lift up our Hearts with our Hands to God in the Heavens, with continual Intercessions for ourselves and People, that he may give us true Faith and Repentance; forgive all our Iniquities, and incline our Hearts to be intirely devoted to keep his Laws, and to glorify his Holy Name; that He may incline, rule and direct the Hearts of our King and all in Authority, so that they may faithfully and duly execute Justice, and maintain true Religion and Godliness; and that He may inspire all Ministers of his holy Word and Ordinances with heavenly Wisdom and Grace, that they may understand his Will and faithfully teach, exhort and reprove, both by Example and Precept, in much Love and Lowliness of Mind. O how great will their Judgment be who do the Work of the Lord negligently, and speak leasingly, and cry Peace, Peace, when there is no Peace, deceiving precious Souls and causing them to sleep in their Sins to Damnation. Many, too many such are crept into Christ's visible Church, for whom we may justly take up Jermiah's Lamentation, and say, The Prophets have seen vain and foolish Things for thee, and they have not discover'd unto thee thine Iniquity, Lam ii 14. Many indeed in our Day have seen vain and follish Things; their Hearts have run after their Covetousness, and they have delighted themselves in the foolish and and vain Enjoyment of worldly Goods and Pleasures, nourishing and indulging themselves in the same Passions, Tempers and Delights with other Worldly minded Men, and by their Practices have made the Commandments and Doctrines of the blessed JESUS (their pretended Master) as much as in them lay of none Effect; for they entice the People to follow their Example, and depart from God: Thus do they pretendedly take upon them a Commission from the Lord of Hosts to fight the Devil's Battles, and, Judas- like, betray our Lord and Master with pretended Kisses of Friendship. ____ O! how sore will the Punishment of such negligent Watchmen be! Ezek. Xxxiii. 6 But if the Watchman see the Sword come, and blow not the Trumpet, and the People be not warned; if the Sword come and take any Person from among them, he is taken away in his Iniquity, but his Blood will I require at the Watchman's Hand, faith the LORD Who there sheweth EZEKIEL his Duty from the 7th Verse, saying, So thou, O Son of Man, I have set thee a Watchman unto the House of Israel: Therefore thou shalt hear the Word at my Mouth and warn them from me. __ When I say unto the Wicked, O wicked Man, thou shalf surely die; if thou dost not speak to warn the Wicked from his Way, that wicked Man shall die in his Iniquity, but his Blood will I require at thine Hand.___ See JER. xxiii I EZEK. Xxxiv 2d to the 10th We be to the Shepherds or Pastors that scatter the Sheep; that feed themselves, and do not feed the Sheep And JER. xxiii 21. I have not sent these Prophets, yet they ran, faith the LORD; I have not spoken to them, yet they prophesied. And again, Verse 30. I am against the Prophets that steal my Word every man from his Neighbour, faith the LORD: These all serve for Gain They are Thieves and Robbers who come not in by the Door of the Sheep sold, but climb up the Wall by carnal Helps, and get in, to prey on the Sheep; neither follow the Foot-steps of our true Shepherd, but covet the Fleece only How many poor careless Souls have we in every Parish that stand in Need of being informed of their Danger, and of the absolute Necessity of being born again of GOD, and having CHRIST's personal Righteousness imputed to them, before they can have any well-grounded Hope of being finally saved! How many within a few Miles of their Teachers die in their Sins, without being warned or exhorted to come to CHRIST by Faith! The Blood of such will be required at their Teacher's Hands. O! how becoming the Office of Ambassadors of JESUS CHRIST would it be, to go forth to every Soul (of their Parishioners at least) and make Offers of Peace, and invite them to come in on Gospel Terms? Can any love love their Master with all their Souls and Strength? Can they love the Flock as he loved it, and not seek diligently the Wellfare of every Sheep committed to their Charge? Are immortal Souls of less Value now than in the Days of our Saviour and his Apostles, that the same Concern shou'd not now be shewn for their eternal Wellfare as was then? Can they deal faithfully with their master, and not stand in the Gap to deliver unwary Souls from the Jaws of the Lion? This is just as consistent with their high Calling, as for any one to stand by and see a Man deliberately murder himself, and not persuade him from his Rashness.

Shall our Clergy at this Day shew a furious Zeal about the Decrees and Cannons of the Church, even so as to persecute Christ's faithful Ministers for not conforming exactly to these Appendages of Religion (tho' they themselves break these Cannons every Day) and have no Bowels of Love, no Pity for poor perishing Souls, that are wandring in worse than AEgyptain Darkness? Is not this to tythe Mint and Cummin, and neglect Mercy and Judgment? OShame! Shame! Is this to imitate their Master, who went about doing Good? Is this like St. Paul's Practice, who not only taught publickly, but from House to House? Surely the God of this World hath blinded the Eyes of such false Prophets O how will their Mammon of Unrighteousness eat them as doth Fire, at the glorious Appearance of our Lord, when he shall call them to an Account! I doubt not but the Devil triumphs in beholding these Shepherds at the Head of their Flocks, following him down to the Regions of Darkness for Mammon Be astonish'd, O Heavens! Mourn, O Earth! because the Deceiver is come forth amongst us with great Power, seducing both Pastors and People, to deal falsly with the great GOD of Heaven and Earth; to despise his Mercies, his Chastisements, his Authority, and even the Son of his Love, whom they they by wicked Hands crucify daily, for the Wages of Unrighteousness. The LORD hath sworn by the Excellency of Jacob, surely I will never forget any of their Works, Amos viii. 7. And will he not deal with the Inhabitants of this Province as with the Obstinate of Judah, who like unto us despised Mercies and Chastisements. See Jer xxiv. 9. 10. And I will deliver them to be removed, & c. for their Hurt, to be a Reproach and a Proverb, a Taunt and a Curse in all Places whether I shall drive them. I will send the Sword, the Famine, and the Pestilence among them, 'till they be consumed from off the Land that I gave unto them and to their Fathers. Shall not our Land mourn for this, and every one that dwelleth therein? Jer. iv. 28. O! that they wou'd Hear and give Ear, and not be proud, for the LORD hath spoken. Jer. xiii. 15. His Drought hath spoken; His Diseases inflicted on us and our Cattle have spoken; the Insurrections of our Slaves have spoken; our Augustine Expedition hath spoken; the Faithful of CHRIST's Ministers have lately, in a remarkable Manner, been speaking; and the yet later dreadful Fire of Charles-Town hath spoken Terror: And if we regard not this to lay it to Heart, humble ourselves, and repent truly of our Sins; the just GOD will yet pour out upon us more terrible Vials of his Wrath. If only at a Hand Writing of God on the Wall, which the great Belshazzer understood not, his Countenance was changed, his Thoughts troubled, the Joints of his Loins loosed. and his Knees [ ] one against another thro' Fear; shou'd we not much more tremble, whose Crimes are against the clear Light of eternal Truth, and not only see but feel GOD's Hand upon us. - - O! that our KING wou'd humble himself, lest his Principalities shou'd come down, even the Crown of his Glory; for GOD regardeth nt Princes, except their Thrones are established in Righteousness. O! that all in Authority under him, in the Civil Powers amongst us throughout his Dominions, would humble themselves, and duly consider, that the great GOD, by whom they enjoy any Power, will strictly require at their Hands a due and conscientious Improvement of the Talents committed to their Trust. And O! that all who stile themselves Ambassadors of Jesus Christ, wou'd humble themselves; and consider well their Mission, who sent them, and the Importance of the Errand on which they are sent. And O! that our LORD JESUS CHRIST, who opened our Eyes of the Blind and raised to the Dead to Life, would be graciously pleased to pen all our Eyes, to see and know clearly, his eternal Truths declared to us in his holy Scriptures, which only are able to make us wise unto Salvation! May He raise and quicken our filthy, sinful, sluggish Hearts, from their Lethargy of sensual Delights, to seek that Pearl of great Price his everlasting Righteousness, and a Union of Spirits with Himself, which only is able to give us true Joy, the full Assurance of his Favour here, and of eternal Blessedness when Time shall be no more.","Charles Town (Charleston) fire in South East part of the city; compares god's punishments of disease and drought to ""insurrections of our slaves""",1741_01_08,32.78096,-79.93554,NA
22,The South Carolina Gazette,"November 8, 1742",1742,legislation,"Charleston, South Carolina",male,"The Presentment of the Grand Jury for the Body of the Province aforesaid, at a Court of General Sessions of the Peace, Oyer and Terminer. Assize and General Goal Delivery, begun and beholden at Charles Town on the 20th Day of October, 1742 , before the Honourable Benjamin Whitaker, Esq; Chief Justice.

Imprimis.

WE present, as a publick Grievance, the Want of a Law, to prevent and suppress as much as possible, the evil Practice of Horse stealing, so much complained of in this Province. Also, the Want of another Law, to prevent and suppress the like evil Practice of stealing and killing neat Cattle, under the Pretence of hunting and destroying wild Cattle in the Woods.

2dly . We present as a Grievance the disorderly assembling and caballing of the Negroes in Charles-Town , on the Sabbath Days.

3dly. We present as a Grievance, the Want of a Law, to prevent the hiring out Negro Tradesmen, to the great Discouragement of white Workmen coming into this Province.

4thly. We present as a Grievance, the Butchers in Charles Town, for killing of Cattle on the Sabbath Days.

5thly. We present, with humble Submission, as a Matter worthy the Consideration of the Legislature, the Amendment or farther Explanation of the Patrol Law.

6thly. We present as a Grievance, the non Execution of a Law, entitled, ""An Act for the better securing this Province from Negro Insurrections , and for encouraging of poor People, by Employing them in Plantations.""",grievance expressing dismay at the lack of execution of legislation regarding the suppression of enslaved insurrections,1742_11_08,32.78096,-79.93554,NA
23,The South Carolina Gazette,"November 8, 1742",1742,legislation,"Charleston, South Carolina",male,"Mr. Timothy,

Please to insert in your next Gazette, the following Clauses of the Charge delivered by Mr. Chief Justice Whitaker, to the Grand Jury, at the last Sessions, as they may be of Publick Service.

""THERE is an Act in this Province, For the better procuring us from Negro Insurrections , and for encouraging Poor People; obliging Persons to keep a white Men on their Plantations, in Proportion to their Number of Negro Men.""

""This beneficial Act, on which the Prosperity as well as the Safety of this Province so much depends, has been on various Pretences endeavoured to be eluded, and the Execution of it unwarrantably discouraged: But, I hope the Magistrates, as they are in Duty bound, will take Care to put this Act carefully and diligently in Execution. Persons who have or shall offend against it are to be legally convicted. If an Error or Mistake happens to be found in the Proceedings, the Offender is not absolved, nor is it any Reflection on the Magistrate when committed the Error, or ought it to be a Discouragement to him if the Proceedings are set aside, Judgments given in Westminster Hall are every [ ] set aside [ ] Error, and the learned Judges incur no Blame.""",NA,1742_11_08,32.78096,-79.93554,NA
24,The South Carolina Gazette,"December 27, 1742",1742,occurred insurrections,"Charleston, South Carolina",unknown,"Charles-Town, December 27
We hear, that one of the Ringleaders of the last Negro Insurrection , (belonging to Mr. Henry Williamson ) was lately seiz'd in Cocaw Swamp, by two Negro Fellows that ran away from Mr. Grimke, who brought him to Stone , where he immediately was hang'd.
From New York we hear, that Captain Peter Warren , in his Majesty's Ship the Launceston of 40 Guns, not choosing to lay all the Winter in Harbour, was sail'd, to cruise on the Spanish Main.
The Spy Man of War, Capt. Newman , on this Station, is, we hear, preparing to sail on a Cruize speedily.
*** The Extract of a Letter from Philadelphia, will be inserted in our next.",Stono Rebellion: Caw caw swamp? This is a reference to the Stono Rebellion as Mr. Henry Williamson was a known slaveholder of some who participated in the insurrection; in addition it mentions Grimke,1742_12_27,32.78096,-79.93554,NA
25,The South Carolina Gazette,"June 19, 1749",1749,editorial,Spanish Town,male,"The humble ADDRESS and REPRESENTATION of the Council and

Assembly of the Island of JAMAICA.

Most Gracious Sovereign,

WE your Majesty's most Dutiful and Loyal Subjects, the Council and Assembly of your Majesty's Island of Jamaica ; crave Leave to approach your Royal Throne, being convinced we should be wanting in that Duty we owe your Majesty, and the Trust reposed in us, if we did not take the earliest Occasion of laying before your Majesty those Burthens which disturb the happiness of your People, and threaten Ruin and Destruction to a Colony of such Importance to your Majesty's Government.

The Expence in supporting that just and necessary War, which your Majesty engaged in for vindicating the Trade of your Subjects, and supporting the Liberty and Independancy of Europe, called upon us to bear a Part of that Burthen, which we did with a Warmth and Chearfulness disproportioned to our Abilities, and as we apprehend in a much greater Degree than the rest of your Subjects.

These were our Efforts whilst we were labouring under an Additional Duty on Molasses-Spirits, which, though unavoidable from the Exigency of the Times, does in a most grievous Manner affect the Inhabitants in general, but more particularly the poorer Sort, and prevents the Cultivations of the unsettled Lands, it being evident that Sugar produced from new Lands, abounds with a greater Proportion of Syrup, than that raised from old Plantations.

And whilst we were under the pressure of that Duty, we had the Mortification to find ourselves subjected to a further Tax of One Shilling and Six-pence per Hundred imposed the last Session of Parliament upon all sugar produced from your Majesty's Colonies, which we fear, if continued, must in the End transfer that valuable Commodity to our great Rivals in Trade, the natural Enemies of your Majesty's Crown and Government.

Permit us further, most Gracious Sovereign, to represent our just apprehension of a further Distress arising from the Interruption of a free Navigation in these Seas, being informed that the Spaniards, our dangerous and jealous Neighbours, have detained, and searched on the high Seas, a Vessel belonging to your Majesty's Subjects, bound to this Island, as may appear by two Affidavits, which we humbly beg leave to lay before your Majesty.

These, Royal Sir, are Melancholly Truths, and the true Causes of our Distress. From these Causes arise our want of Money, and Credit, both at home and abroad. From thence the scarcity of Inhabitants in a Country so extensive and so happily situated for Trade may easily be accounted for, notwithstanding the great Encouragement given by our Laws every white Person shall become a Settler.

From these a further Desertion of our Island is to be justly apprehended, and under such Circumstances, we cannot think of any other Means of Security, then an immediate Protection from your majesty's great Care and Tenderness of your Subjects.

These Considerations oblige us to renew our Applications to your Majesty for another Regiment of Soldiers to guard and defend us: Daily apprehensive of an Insurrection of our Negroes , and thereby in Danger of loosing whatever in our distress'd Condition remains valuable.

We therefore do most humbly beseech your Majesty to take into your Royal Consideration this our humble Address and Representation, and that you will be pleased to grant us such Relief as is [ ] to your Majesty's great Goodness and Wisdom.",Jamaica fear of slave revolt; request for royal support,1749_06_19,17.98333,-76.95,NA
26,The South Carolina Gazette,"September 3, 1750",1750,occurred insurrections,Curaao,unknown,"Kingston, JAMAICA, July 28. We hear from Curraws  [Curaao] that they have lately had an Insurrection by the Negroes there, which was however soon suppressed; and that upwards of 85 of the Ringleaders were already executed.","Curaao insurrection; mispelled in article as ""curraws""; I could not find a scanned image of the original newspaper sheet to check their OCR",1750_09_03,12.1,-68.91667,NA
27,The South Carolina Gazette,"September 24, 1750",1750,occurred insurrections,Suriname,unknown,"ADMIRSLTY-OFFICE, May 23, 1750.

Hague, May 29. A Drought is order in be made of one Man or Company, and one Serjeant and one Corporal per Battalion, of the national Troops in the Service of the States General. This Detachment is to be sent to Surinam, in order to suppress an Insurrection which their High Mightinesses have been informed has happened among the Negroes in that Colony, and in which one of the most considerable plantations has been ravaged, and all the white People belonging to it murdered. Besides the Draught, which 'tis computed will amount to about 800 Men, the Proprietors are to send over a Body of 100 Men at their own Expence, and all the Half Pay Officers, who are willing to go over with those Troops are immediately to be put upon full Pay. It is now said that the Prince Stadtholder's Journey to Zealand, which has been talked of for some time, will certainly take Place in about three Weeks, when the States of that Province are to reassemble.","insurrection in suriname, it does reference other geopolitical happenings as well - I have not found much detail on this insurrection; potentially see Ten Years of Guerilla-Warfare and Slave Rebellions in Surinam, 17501759, Acta Historiae Neerlandica, 8 (1975), pp. 85102, for further detail; this references a period of conflict between maroons and colonial powers; likely refers to the events following the breaking of the treaty between the Maroons of Saramacca and Dutch colonial government",1750_09_24,5.95859,-55.67599,NA
28,The South Carolina Gazette,"June 13, 1761",1761,editorial,South Carolina,unknown,"Mr. TIMOTHY,

I WAS in company the other day with some gentlemen from town, when the discourse turned on the negro bill now on the carpet.I was not surprised at the objections that were made, because the planter and merchant think themselves equally concerned to prevent its going down. Men will always make use of a thousand frivolous excuses, to avoid taking the best measures for securing their property; because the majority will always embrace a present gain, to their future and permanent interest. The legislature will think differently from them: they know, there is hardly a society of men, who do not think the whole prosperity of a nation depends upon their single fate; so that should they at any time be consulted, their answers will be mysterious, partial, and inclining with a strong bias to their own emolument. I am no so old, or so weak, as to suffer myself to be surrounded with fears and suspicions, or startled at distant dangers, yet I think our situation alarming: Heaven knows our military capacity is not very great: and our numbers are so inconsiderable that should a general defection happen, we might easily be served, as Gulliver did geese and turkies when he lived among the Lilliputians. Whenever a Law is to be passed, I taken it but one consideration is to be made, ""whether it will be for the interest of the whole."" Individuals must be thrown aside: for, in applying remedies to the evils of government, some private men must suffer; they who introduce those evils will, and it is intended they should. It is said, that an increase of inhabitants is an addition of strength and riches. Among a free people it is undoubtedly true: but where Slavery is allowed, exceptions are to be made. An increase of negroes adds to the riches of a country, only where they are so employed as to bring in a reasonable profit to the master; otherwise they become a burden: they never can add to the strength of a people, but subject it to perpetual dangers, which will always be greater, according to the disproportion. Now the difference of the number of whites and blacks, and the present situation of our planters, sufficiently evinces, we labour under both these difficulties. The arguments which, as the company informed me, were made use of, against the bill. turn upon the inconveniences that will arise to particulars: many of them are so nearly alike, that in my answer to them, you must not be surprised, if I sometimes am guilty of repetitions, and make use of reasons that carry the same appearance. I could have been less prolix, and much shorter in my remarks: but, as I have the thing at heart, I chose to imitate them in this disuse way; because I know when men are almost determined upon a point, they must have the inconveniences often repeated, in order to deter them from that determination.

1. It will tend towards decreasing our white inhabitants.

The great disproportion between whites and blacks daily increasing when an unlimited importation of negroes is allowed. I am a little surprised that this objection should be started in case a temporary prohibition should take place. It is a misfortune for the province, the people are too much disposed to do every thing by negroes which can be done by them. Private avarice makes us blind to the true interest of our country. Each individual will have tradesmen among his slaves , to the great discouragement of whites of an inferior order, whom of all other men we stand most in need of. Now, if the number of negroes were lessened; if they were not suffered to increase; necessity at length would oblige us to take them for the cultivation of our lands, necessity would oblige us to call in more tradesmen of all kinds; nor would there be any difficulty in inticing them over: there are as many indigent and unemployed hands in England as ever; but the spirit and activity which was once seen among them is loft, because the alluring prospect of an easily livelihood is now no more. No man will deny, that the security and wealth of a nation consists in the number of its middling men of a free condition , and a gradual and imperceptible transition from the highest to the lowest. If this pernicious disposition of importing such quantities of slaves ; if this sordid method of bringing them up to trade of all kinds continues, this gradation will be impossible: in a little time, our province will consist chiefly of a few planters and merchants, subject to the insurrections of salves, because numerous and disaffected.

II. That the possibility of the planter's extricating himself from the debt contracted for negroes, in one or two lucky crops, is a sufficient inducement for purchase frog a greater number.

It is an observation which seldom falls under the eye of the people, but which it is supposed every legislative power is acquainted with, ""that the ignorance, the negligence, the prodigality and unavoidable misfortunes which surround mankind, must always subject the greater part of them to distressing circumstances."" For these reasons, civil societies form laws to lessen those evils which they cannot eradicate. Now, if a spirit of planting, like an epidemical disease, spreads itself all around; surely the wisdom of our senators would deserve the highest applause, should they endeavour to put a stop to it. the mechanic, the little tradesman, sets out with a view of getting a livelihood by his labour; if that is comfortable, he is satisfied: But the merchant, the planter, they have a more extensive prospect, they intend amassing a fortune : The bait is more alluring; their conduct is to be the more narrowly watched. Unless a planter can set out upon his own bottom, the amazing height of interest is such, that he must make sixteen per cent of his money in order to clear eight; and this is what the most sanguine of them cannot expect, tho' thoroughly acquainted with their business. the success of a few plantations can be no objection to what I have advanced, as I talk of the whole body. And when men launch out beyond their fortunes , in affairs that depend upon chance and accidents, as the planter does; they enter upon what is destructive to society, and ought not to be allowed in a well regulated state: the greater part of them must sail, their fall will not be alone, many will be involved with him; for as he finds his fortune decrease, like the spirited gambler upon the brink of destruction, he will venture any sum, if you permit him, upon the single throw of a die, because there is a distant prospect of succeeding; but no wise man will approve of his conduct.

III. That it will be driving our young people out of the country, to places where negroes and lands are cheaper.

The intention of a negro act is, to prevent a growing inconvenience. It is shrewdly suspected the planters have gone more than one step too far, and an attempt is about to be made to prevent others from falling into the same mistake. Human affairs are so complicated, that I believe some ill consequences attend almost every salutary measure of government: and should a few young men of over-heated imaginations, and wild notions of aggrandizing their fortunes elsewhere, be induced to leave the province because such a act does take place; yet a fear of this kind ought not to work upon the mind of any man: his folly would be equal to those, who would prevent an importation of wine, because a few rakes would get drunk with it. Besides. I do not see that this self-transportation of our youth would be the consequence: young fellows of fortune will still find it worth their while to enter into the planting business. But, says the objector, this is suffering a few individuals to monopolize the landed interest. Ne factor ulira crepodam is a maxim. If a considerable sum of money is requisite for any employment, in a country where interest is high, men of small fortunes ought not to think of entering into it. In whatever station of life fortunes have been made, mens eyes have been dazzled with the prospect; they will venture beyond what reason dictates: but it becomes the public to check their impetuosity, and to prevent industry from loading itself beyond what it can bear.

Now when young men of small fortunes see so many difficulties attending the cultivation of lands; when they see the high interest on one side, and the high price of negroes on the other, I do not imagine it follows, that they will leave the province. This is supposing the spirit of planting is an incurable disease, and therefore not to be attempted. Such a support on would be pernicious to the greatest degree. I am rather apt to think, those of a sufficient fortune would enter into the different branches of trade; those who have less, will undoubtedly apply themselves to the lower employments, which we should always endeavour to encourage. Men who live at home in any tolerable degree of affluence, will never leave their friends and families where they are fixed and settled, to go in search of an interest that at best is precarious. The poorer fort, surely will remain where they are, because a pretty large fun being required to set them up as planters it is morally impossible they can borrow that sum in a country where they are strangers. Georgia, it is said, can only rival us in planting; and it is a fact, the rice lands in Georgia are nearly adequate to ours in price; and the price of negroes will always rise, in proportion to that of the land: there then the same inconveniences will attend them.

IV That it will be robbing the province of a considerable duty towards paying of taxes.

I take this objection to be exceeding trifling. In laying duties upon any thing imported into a country, the only consideration that ought to be made is. ""Whether it will be for the advantage of the community."" If it is found that it will, the duty is to be as light as possible; if not, a total prohibition, or an addition that will amount to the same thing, ought to take place. But I cannot see how the public can suffer; for in a country like ours, where the higher rank of men are brought up to no employments, but trade, planting, and the law, no duty will prevent them from purchasing; and the additional sum that is laid upon them, will make amends for the smaller number that will be sold.

V. That it will throw the rubes of the country into the bands of a few, and promote usury.

How an act which is to prevent men from running in debt, and to enable them the sooner to discharge that debt, can promote usury, I cannot conceive. I can easily foresee, if negroes are to be brought into the country upon the tooting they now are, an usury (if I may so call it) of the most dangerous consequence would ensue. It is the interest of the planter to steer clear from the clutches of the merchant: if he once involves himself there, he is hampered: he can no longer demand an equal consideration for his rice, but must be reduced to the necessity of taking whatever the merchant offers, in order to discharge the debt he owes him: if he refuses, his ruin in inevitable; his negroes and plantation are sized; his scheme of making his fortune is overturned; and that bubble, which he has taken so much pains to blow up, will now be broke. This is far from being a chimera: the principles of trade are not very generous. We know that all bodies of men act upon interested movies; and the welfare of the little society to which they belong taken entire possession of their thoughts. A combination so backed by interest, is to be feared with the greatest reason. Experience tells us, it was so in this very province not long ago: and the planter, after labouring for some time under these very disadvantages, with the greatest good fortune, emerged from the difficulties that were likely to overwhelm him.

VI. That it cannot be said the planter runs in debt, as the negro is an equivalent.

At the time of the purchase no doubt he is; but unless the profits of planting exceed the interest of money, his fortune must decline: the incertainty of life, diseases, the hardship of labour, and the gradual decay of nature, perpetually lessens the principal (for so I call slaves ) of the planters: and were it not clear, their debts were increasing to a prodigious degree, an attempt for a law of this kind would never have been undertaken, however salutary it might be, not only for the interest by the safety of the province.

VII. That it will be the making of Georgia, to our destruction.

If that province was subject to a foreign power; if they could get the materials fro the cultivation of lands cheaper; if the interest of money was lower than with us; if their industry was greater; then we might entertain apprehensions of danger: but when we reflect the same ships which we have, must supply them; when we reflect they must have recourse to the same markets, for things they stand in need of, and at the same price; when we consider they are less capable of giving that price, because they have less money; when we consider, the negro merchant cannot afford to sell Irish negroes for less than he does to us and unless we make this supposition, we must acknowledge ourselves to be vilely imposed upon) these notions are vain, and not to be regarded. The time which is allotted for the continuance of the act is so short, they can make no progress before we shall be upon the footing we now are; and this I think will prevent any man in his senses from deserting his country; and projectors and madmen we ought to be glad to get rid of.

VIII. That it is ingratitude to our mother-country.

There are a sufficient number of markets in America, equally good, to take off all the salves exported from Africa. wherever they are sold, they must be supported and maintained. Neither ther negro merchant, the shipping, or the manufactures of Great-Britain, would suffer from a total prohibition; from a temporary one of two or three years: it is unworthy their notice: But the good of one of his majesty's most flourishing provinces, is to be regarded before the trifling advantage of a private set of men; for, if we compare their profits in this place, to what will redound to Great-Britain from the affluence of the province itself, it will be trifling. We are so restrained by the act of navigation, and other subsequent acts of parliament, that it is impossible we should thrive, without our mother-country finding it turn to her account. They who make use of this argument, must be interested in the negro trade: If they will have a regard for our common parent, let them encourage an increase of whites; for it is indisputably true, that one white-man will take off more of English manufacture than four negroes. These gentlemen seem to justly an observation of my lord Bacon's, ""that there are a race of men in the world, who would willingly and readily set fire to their neighbour's house, for the insignificant advantage of roasting their own eggs at it.""",fear of enslaved insurrection or being subject to it due to disproportion of demographics in the colony; does not explicitly describe enslaved resistance,1761_06_13,33.8361,-81.1637,NA
29,The South Carolina Gazette,"December 25, 1762",1762,intended insurrection,Martinique,male,"BRIDGE-TOWN, (BARBADOS) November 25.

Extract of a letter from a Gentleman in Martinico, to his friend in this Island, dated November 10, 1762.
""Yesterday information was given to General Rufeae , that an insurrection was intended in this Island, by the free Mulattoes and Negro to the number of about the or six thousand, to take the place some night this week. The same intelligence has since been confirmed to him by no less than six seen letters from the different quarters of the island. The guards are all doubled in consequence of it, and all the merchants have volunsarily taken up arms. As the affair is discovered, we are under little apprehension of danger. It is said they were to be joined by the crews of several Spanish Privaters now cruizing rount this Island, two of which are now off this Road, and appear to be making signals. Taybe has got some Soldiers on board his Brigt. and is going out aster them. Their intention it's said was to have seized all our posts at the same time, and to put every Eaglisoman to death.""",Intended insurrection in Martinique (free people of color and spanish privateers),1762_12_25,14.63333,-61.16667,NA
30,The South Carolina Gazette,"November 26, 1763",1763,occurred insurrections,Berbice,unknown,"SETEMBER 29.
They write from Paris of the 16th, that Mr. Bigot, late commandant of Canada, was on the tuesday before, removed at midnight from the Chatelet to the Conciergerie. The Chatelet condemned him to be beheaded: But his definitive sentence is postponed on account of the adjournment of the parliament.
The states of Holland have referred the affair of the late bank-rap read to the magistrates of Amsterdam; to do there in as to them shall seem most proper.
Yesterday there was a grand council at St. James's.
Yesterday the right hon. the earl of Hilsborough kissed his majesty's hand at St. James's, on his being appointed fashioned of trade and plantations.
Yesterday the earl of Rochford, his majesty's ambassador and plenipotentiary to the court of Madrid, set out on his embassy to the said court.
We hear that his royal highness the duke of York will only spend one week in Lisbon, from whence he will go up the Straits couch at Minorea, and afterwards proceed to Leghorn, where it is said, he will land, in order to make the tour of Italy.
By letters from the Philippine Islands, by the Albion China ship, there is an account, that soon after the chief town of Manilas had surrendered by capitulation, a great insurrection happened without the walls of that place, by a multitude of people that came out of the country; but the English being masters of the city, they were soon quelled, and brought under subjection.
Stocks decreased more yesterday; this is the barometer of military contentions between England and Holland; for which important event the Dutch are making large preparations; but if the insurrection at Berbice is suppressed, the Dutch are sending troops there only to guard against us; and if so, they ought to be stopped.",Berbice insurrection - liekly in reference to the slave insurrection - mentioned,1763_11_26,6.6713,-57.93,NA
31,The South Carolina Gazette,"August 24, 1765",1765,occurred insurrections,Haiti,unknown,"A French ship arrived at Rochfort, when the last letters were received from thence, with several prisoners on board from Cape Franois, on account of the late insurrection at St. Domingo.",Enslaved uprisings in St. Domingo (Saint Domingue),1765_08_24,19.737,-72.2068,NA
32,The South Carolina Gazette,"July 11, 1769",1769,occurred insurrections,Haiti,male,"NEW-YORK, MAY 29.
By Captain Brasher from Port au Prince we have confirmed accounts of great disturbances on the island of Hispaniola, on which occasion many of the planters there have been taken up and hanged without judge or jury. The real ground of the quarrel seems not to be well known, but it is said to be occasioned by the General Prince de Rohan's orders for every inhabitant to be trained up to the use of arms, and to be mustered once a month; which the planters refuting to obey, military executions ensued, from whence spring insurrections that have ended in the death of many of the inhabitants. It is generally thought to have some other foundation than this; for it is a known proverb, that when a dog is to be beat, it is easy finding a stick. Beetled effects of an arbitrary government.
PHILADELPHIA, JUNE 5.
Saturday last the transit of Venus was observed by the Rev. Mr. Ewing, Joseph Shippen, Esq; Dt. Williamson, and Thomas Prior, the committee appointed by the Philosophical Society, in a commodious building, erected at the expence of the province, in the State-House yard. The external contact of Venus with the Sun, we hear, was nearly 2 hours, 11 minute, and 27 seconds. The internal contact, 2 hours, 29 minutes, 13 seconds, mean time. The time given within a few seconds. As the weather was very favourable, we flatter ourselves the observations will be very satisfactory to the curious, which we shall communicate the first opportunity.",Port au Prince resistance; insurrections,1769_07_11,18.5944,-72.3074,NA
33,The South Carolina Gazette,"August 29, 1769",1769,occurred insurrections,unknown,unknown,"It is reported that the Nancy Williams, from Liverpool, is cut off by the insurrection of the slaves, at New-Caliber","New-Caliber shipboard insurrection - I believe this might be New Calabar, however, by this time this port was less used, but it is the only location that seems to make sense",1769_08_29,4.5742,6.9758,NA
34,The South Carolina Gazette,"October 22, 1772",1772,native insurrection,Chile,unknown,"Extract of a letter from Madrid, July 18.

""Our Court has just received the very disagreeable news of an universal rising of the natives on the sea coats of Chili, who are greatly reinforced and supported by the brave people in the internal parts of that country: The Chilesians are the bravest people on the continent, and ever had a most remarkable antipathy to the Spaniards, which made them cautions how they trusted the natives, who have before made attempts to recover their lost liberties, but were always subdued by the Spaniards keeping possession of the coasts.

""The insurrection that lately happened began at the town of Baldivia, where the gold mines are situated. It was thus: On the night of the 14th of May, a body of near ten thousand Indians came to the mines, and sell upon the guards, whom they murdered, they then proceeded to set free the Negroes, but slaghtered all the Whites they came near, without mercy. After this action they proceeded to the town, but found the people were alarmed, and had made some preparations, having shut the inner gates, and pointed some guns on the walls, which they fired incessantly on the Indians, and did great execution. Finding themselves not able to gain possession of the inner town, they set fire to the suburbs and burnt them to the ground, in which were three fine churches, an hospital, and several religious houses.

""Having vented their fury as far as in their power at Valdivia, and being joined by a number of Indian and Negro slaves that dwelt in the suburbs, they left a guard to prevent the Spaniards from escaping out of the town, and proceeded immediately to the town of Imperial, which they invested, but were obliged to raise the siege with precipitation. They marched as if they intended to serve Villaria in the same manner. A vessel was immediately sent from Imperial with intelligence, and, when the advice came away for Madrid, an Officer was preparing to march out of Lima at the head of 4000 men.""",insurrection of natives that freed enslaved in Chile near gold mines in Baldivia,1772_10_22,39.8174,-73.2425,NA
35,The South Carolina Gazette,"January 11, 1773",1773,occurred insurrections,Suriname,unknown,"Extract of a letter from Surinam .

""This Colony is in the greatest distress, occasioned by an insurrection of the slaves ; they are assembled 1000 strong, very formidable, supplied with arms and ammunition, and have defeated our soldiers, and taken some six ponders from them, with which they have mortised themselves on an island, committing great depredations, annoying and terrifying the inhabitants daily. We have made several ineffectual attempts to subdue them, and about three months ago they defeated our escort sent against them. I happened to be at a plantation where one of their parties 50 in number came to, and carried off about 80 negroes, and all the guns and ammunition furnished to guard it. We have been obliged to set 3 or 400 of our stoutest negroes free to defend us, and without they do something effectual against them, shall be under the most melancholy apprehensions from these insurgents.""",surinam insurrection,1773_01_11,5.95859,-55.67599,NA
36,The South Carolina Gazette,"January 11, 1773",1773,occurred insurrections,in-route,male,"NEW-YORK, DECEMBER 7.
Captain Prince, lately arrived here, in his way from Cayenne, touched at Barbados, and left that island the 27th of October, and informs, that the slaves in a French brig, belonging to Martinico, from Africa, had killed the crew on the passage, took possession of the vessel, were cruising to windward of the islands, and had fired upon several ships, &c. that had arrived West-Indies, and that two sloops were gone in search of her",shipboard resistance,1773_01_11,18.2345,-66.4108,"the ship was taken over while in-route to the West Indies, I have put west indies as the location since the time when the ship was overtaken is unknown"
37,The South Carolina Gazette,"January 11, 1773",1773,shipboard resistance,Barbados,unknown,"that a ship belonging to Liverpool, with 350 slaves on hoard, was lately brought into Barbados, by another Guineaman, after a warm engagement of four hours, the slaves having killed all the whites on board but one little boy.",shipboard resistance Barbadoes,1773_01_11,13.1,-59.6,port unspecified
38,The South Carolina Gazette,"January 11, 1773",1773,occurred insurrections,Suriname,unknown,"Extract of a Letter from Demerara, September 10

""On the 12th of August. at night, the negroes on Hoff's, Calliardo's, and De Vries's plantations, rose and murdered Hooss, his wise, knooning, and three white carpenters; they attempted to destroy all the whites at the Hague, but the New- House there was most bravely desended by Clinton and james Williams, and two or three more, for two days, before they had any assiltance: This gallant opposition, in all probability, saved the colony.God knows how far the same would have spread, is it had not been for this check; for on the first alarm most of the whites on the coast fled in great consternation to the rivers.""

We have certain advice from Surinam, that a party of 300 free negroes that had been sent out to attack the rebellious slaves at that place, had, about the beginning of October, taken one of their small towns, with forty women and children, and ten men, prisoners; our informant saw the slaves at Sunam the 5th of October.",Suriname insurrection,1773_01_11,5.95859,-55.67599,NA
39,The South Carolina Gazette,"September 27, 1773",1773,occurred insurrections,Honduras,male,"On Tuesday evening arrived the
brigt. Jamaica, Capt. James
Farquhar, rom Savannah Le
Mar, in Jamaica.Just before
his departure from thence, an
express arrived there on the
way to Kingston, to solicit
assistance against the rebellious
negroes at Honduras, who were
murthering and destroying
every Person and thing in then
way.","news of the insurrection in Honduras, explains that a ship captain informed them from Jamaica that in Kingston an express arrived to solicit help to suppress the insurrection",1773_09_27,17.55183113,-88.07099972,NA
